Election_Id,State,State_Code,Constituency_No,Constituency_Key,Constituency_Name,Leading_Candidate,Leading_Party,Trailing_Candidate,Trailing_Party,Margin,Round,Status,Timestamp
2026_RESULTS,Tamil Nadu,S22,28,S22-028,ALANDUR,M.HARISH,Tamilaga Vettri Kazhagam,T.M.ANBARASAN,Dravida Munnetra Kazhagam,29609,31/31,Result Declared,2026-05-06 13:39:07
2026_RESULTS,Tamil Nadu,S22,182,S22-182,ALANGUDI,SIVA.V.MEYYANATHAN,Dravida Munnetra Kazhagam,KANDASAMY,Tamilaga Vettri Kazhagam,12977,21/21,Result Declared,2026-05-06 13:39:07
2026_RESULTS,Tamil Nadu,S22,223,S22-223,ALANGULAM,PAUL MANOJ PANDIAN,Dravida Munnetra Kazhagam,K R P PRABAKARAN,All India Anna Dravida Munnetra Kazhagam,7798,25/25,Result Declared,2026-05-06 13:39:07
2026_RESULTS,Tamil Nadu,S22,225,S22-225,AMBASAMUDRAM,DR.ESAKKI SUBAYA,All India Anna Dravida Munnetra Kazhagam,V.P.DURAI,Indian National Congress,10245,23/23,Result Declared,2026-05-06 13:39:07
2026_RESULTS,Tamil Nadu,S22,8,S22-008,AMBATTUR,BALAMURUGAN.G,Tamilaga Vettri Kazhagam,DR A.P. POORNIMA,Dravida Munnetra Kazhagam,58781,28/28,Result Declared,2026-05-06 13:39:07
2026_RESULTS,Tamil Nadu,S22,48,S22-048,AMBUR,VILWANATHAN. A.C.,Dravida Munnetra Kazhagam,IMTHIYAZ PANDARATTUDU ABDU,Tamilaga Vettri Kazhagam,7131,24/24,Result Declared,2026-05-06 13:39:07
2026_RESULTS,Tamil Nadu,S22,44,S22-044,ANAIKATTU,D.VELAZHAGAN,All India Anna Dravida Munnetra Kazhagam,A.P.NANDAKUMAR,Dravida Munnetra Kazhagam,7081,23/23,Result Declared,2026-05-06 13:39:07
2026_RESULTS,Tamil Nadu,S22,198,S22-198,ANDIPATTI,MAHARAJAN.A,Dravida Munnetra Kazhagam,PANDI.V,Tamilaga Vettri Kazhagam,9554,25/25,Result Declared,2026-05-06 13:39:07
2026_RESULTS,Tamil Nadu,S22,21,S22-021,ANNA NAGAR,V.K.RAMKUMAR,Tamilaga Vettri Kazhagam,N.CHITRARASU,Dravida Munnetra Kazhagam,21363,20/20,Result Declared,2026-05-06 13:39:07
2026_RESULTS,Tamil Nadu,S22,105,S22-105,ANTHIYUR,HARIBASKAR.P,All India Anna Dravida Munnetra Kazhagam,SIVABALAN.M,Dravida Munnetra Kazhagam,1260,20/20,Result Declared,2026-05-06 13:39:07
2026_RESULTS,Tamil Nadu,S22,38,S22-038,ARAKKONAM,V. GANDHIRAJ,Tamilaga Vettri Kazhagam,EZHIL CAROLINE,Viduthalai Chiruthaigal Katchi,23121,22/22,Result Declared,2026-05-06 13:39:07
2026_RESULTS,Tamil Nadu,S22,67,S22-067,ARANI,JAYASUDHA. L,All India Anna Dravida Munnetra Kazhagam,MAHALAKSHMI GOVARTHANAN,Dravida Munnetra Kazhagam,5631,25/25,Result Declared,2026-05-06 13:39:07
2026_RESULTS,Tamil Nadu,S22,183,S22-183,ARANTHANGI,MOHAMED FARVAS. J,Tamilaga Vettri Kazhagam,RAMACHANDRAN . T,Indian National Congress,10062,23/23,Result Declared,2026-05-06 13:39:07
2026_RESULTS,Tamil Nadu,S22,134,S22-134,ARAVAKURICHI,ELANGO. R,Dravida Munnetra Kazhagam,KARTHIKEYAN. P,Tamilaga Vettri Kazhagam,19382,22/22,Result Declared,2026-05-06 13:39:07
2026_RESULTS,Tamil Nadu,S22,42,S22-042,ARCOT,S.M.SUKUMAR,All India Anna Dravida Munnetra Kazhagam,G.VIJAY MOHAN,Tamilaga Vettri Kazhagam,42720,23/23,Result Declared,2026-05-06 13:39:07
2026_RESULTS,Tamil Nadu,S22,149,S22-149,ARIYALUR,RAJENDRAN S,All India Anna Dravida Munnetra Kazhagam,LATHA BALU,Dravida Munnetra Kazhagam,24498,25/25,Result Declared,2026-05-06 13:39:07
2026_RESULTS,Tamil Nadu,S22,207,S22-207,ARUPPUKKOTTAI,RAMACHANDRAN. K.K.S.S.R,Dravida Munnetra Kazhagam,KARTHIK KUMAR. K,Tamilaga Vettri Kazhagam,4943,20/20,Result Declared,2026-05-06 13:39:07
2026_RESULTS,Tamil Nadu,S22,129,S22-129,ATHOOR,I. PERIASAMY,Dravida Munnetra Kazhagam,N. KALAISELVI,Tamilaga Vettri Kazhagam,22368,26/26,Result Declared,2026-05-06 13:39:07
2026_RESULTS,Tamil Nadu,S22,82,S22-082,ATTUR,JAYASANKARAN. A.P.,All India Anna Dravida Munnetra Kazhagam,SELVABHARATHI. R.,Tamilaga Vettri Kazhagam,15318,23/23,Result Declared,2026-05-06 13:39:07
2026_RESULTS,Tamil Nadu,S22,6,S22-006,AVADI,R.RAMESH KUMAR,Tamilaga Vettri Kazhagam,S.M.NASAR,Dravida Munnetra Kazhagam,76311,27/27,Result Declared,2026-05-06 13:39:07
2026_RESULTS,Tamil Nadu,S22,112,S22-112,AVANASHI,KAMALI.S,Tamilaga Vettri Kazhagam,DR. L. MURUGAN,Bharatiya Janata Party,15373,28/28,Result Declared,2026-05-06 13:39:07
2026_RESULTS,Tamil Nadu,S22,52,S22-052,BARGUR,E.C. GOVINDARASAN,All India Anna Dravida Munnetra Kazhagam,E. MURALIDHARAN,Tamilaga Vettri Kazhagam,4241,24/24,Result Declared,2026-05-06 13:39:07
2026_RESULTS,Tamil Nadu,S22,104,S22-104,BHAVANI,KARUPPANAN. K.C,All India Anna Dravida Munnetra Kazhagam,BALAKRISHNAN,Tamilaga Vettri Kazhagam,7396,22/22,Result Declared,2026-05-06 13:39:07
2026_RESULTS,Tamil Nadu,S22,107,S22-107,BHAVANISAGAR,V.P.TAMILSELVI,Tamilaga Vettri Kazhagam,A.BANNARI,All India Anna Dravida Munnetra Kazhagam,4569,24/24,Result Declared,2026-05-06 13:39:07
2026_RESULTS,Tamil Nadu,S22,157,S22-157,BHUVANAGIRI,ARUNMOZHITHEVAN . A,All India Anna Dravida Munnetra Kazhagam,SARAVANAN. DURAI . K,Dravida Munnetra Kazhagam,2487,26/26,Result Declared,2026-05-06 13:39:07
2026_RESULTS,Tamil Nadu,S22,200,S22-200,BODINAYAKANUR,PANNEERSELVAM.O,Dravida Munnetra Kazhagam,PRAKASH.S,Tamilaga Vettri Kazhagam,6805,25/25,Result Declared,2026-05-06 13:39:07
2026_RESULTS,Tamil Nadu,S22,32,S22-032,CHENGALPATTU,S. THIYAGARAJAN,Tamilaga Vettri Kazhagam,KARTHIKDHANDAPANI,Dravida Munnetra Kazhagam,35641,40/40,Result Declared,2026-05-06 13:39:07
2026_RESULTS,Tamil Nadu,S22,62,S22-062,CHENGAM,S.VELU,All India Anna Dravida Munnetra Kazhagam,K BHARATHIDHASAN,Tamilaga Vettri Kazhagam,13278,25/25,Result Declared,2026-05-06 13:39:07
2026_RESULTS,Tamil Nadu,S22,19,S22-019,CHEPAUK-THIRUVALLIKENI,UDHAYANIDHI STALIN,Dravida Munnetra Kazhagam,SELVAM. D,Tamilaga Vettri Kazhagam,7140,17/17,Result Declared,2026-05-06 13:39:07
2026_RESULTS,Tamil Nadu,S22,68,S22-068,CHEYYAR,MUKKUR N. SUBRAMANIAN,All India Anna Dravida Munnetra Kazhagam,DUSI K MOHAN,Tamilaga Vettri Kazhagam,21081,24/24,Result Declared,2026-05-06 13:39:07
2026_RESULTS,Tamil Nadu,S22,34,S22-034,CHEYYUR,RAJASEKAR. E,All India Anna Dravida Munnetra Kazhagam,MOHAN RAJA.M.G.K,Tamilaga Vettri Kazhagam,5668,22/22,Result Declared,2026-05-06 13:39:07
2026_RESULTS,Tamil Nadu,S22,158,S22-158,CHIDAMBARAM,THAMIMUN ANSARI. M,Dravida Munnetra Kazhagam,PANDIAN. K.A,All India Anna Dravida Munnetra Kazhagam,5747,24/24,Result Declared,2026-05-06 13:39:07
2026_RESULTS,Tamil Nadu,S22,118,S22-118,COIMBATORE (NORTH),V. SAMPATHKUMAR,Tamilaga Vettri Kazhagam,DURAI. SENTHAMIL SELVAN B.E,Dravida Munnetra Kazhagam,21992,25/25,Result Declared,2026-05-06 13:39:07
2026_RESULTS,Tamil Nadu,S22,120,S22-120,COIMBATORE (SOUTH),V SENTHILBALAJI,Dravida Munnetra Kazhagam,V. SENTHILKUMAR,Tamilaga Vettri Kazhagam,2271,20/20,Result Declared,2026-05-06 13:39:07
2026_RESULTS,Tamil Nadu,S22,231,S22-231,COLACHAL,THARAHAI CUTHBERT,Indian National Congress,PREM ALEX LAWRENCE,Tamilaga Vettri Kazhagam,2833,28/28,Result Declared,2026-05-06 13:39:07
2026_RESULTS,Tamil Nadu,S22,110,S22-110,COONOOR,M. RAJU,Dravida Munnetra Kazhagam,A. RAMU,All India Anna Dravida Munnetra Kazhagam,8099,18/18,Result Declared,2026-05-06 13:39:07
2026_RESULTS,Tamil Nadu,S22,155,S22-155,CUDDALORE,B.RAJKUMAR,Tamilaga Vettri Kazhagam,A.S.CHANDARASEKARAN,Indian National Congress,15519,20/20,Result Declared,2026-05-06 13:39:07
2026_RESULTS,Tamil Nadu,S22,201,S22-201,CUMBUM,JEGANATHMISHRA PLA,Tamilaga Vettri Kazhagam,ERAMAKRISHNAN N,Dravida Munnetra Kazhagam,751,25/25,Result Declared,2026-05-06 13:39:07
2026_RESULTS,Tamil Nadu,S22,101,S22-101,DHARAPURAM,SATHYABAMA.P,All India Anna Dravida Munnetra Kazhagam,INDIRANI.T,Dravida Munnetra Kazhagam,16727,24/24,Result Declared,2026-05-06 13:39:07
2026_RESULTS,Tamil Nadu,S22,59,S22-059,DHARMAPURI,SOWMIYA ANBUMANI,Pattali Makkal Katchi,SIVAN. M.,Tamilaga Vettri Kazhagam,20896,23/23,Result Declared,2026-05-06 13:39:07
2026_RESULTS,Tamil Nadu,S22,132,S22-132,DINDIGUL,SENTHILKUMAR. I.P,Dravida Munnetra Kazhagam,NAZEER RAJA. G,Tamilaga Vettri Kazhagam,1131,26/26,Result Declared,2026-05-06 13:39:08
2026_RESULTS,Tamil Nadu,S22,11,S22-011,DR.RADHAKRISHNAN NAGAR,N. MARIE WILSON,Tamilaga Vettri Kazhagam,J. JOHN EBENEZER,Dravida Munnetra Kazhagam,49668,18/18,Result Declared,2026-05-06 13:39:08
2026_RESULTS,Tamil Nadu,S22,86,S22-086,EDAPPADI,EDAPPADI PALANISWAMI. K,All India Anna Dravida Munnetra Kazhagam,PREMKUMAR. K,Independent,98110,25/25,Result Declared,2026-05-06 13:39:08
2026_RESULTS,Tamil Nadu,S22,16,S22-016,EGMORE,RAJMOHAN,Tamilaga Vettri Kazhagam,TAMILAN PRASANNA,Dravida Munnetra Kazhagam,10804,15/15,Result Declared,2026-05-06 13:39:08
2026_RESULTS,Tamil Nadu,S22,98,S22-098,ERODE (EAST),M.VIJAY BALAJI,Tamilaga Vettri Kazhagam,GOPINATH PALANIYAPPAN,Indian National Congress,23966,20/20,Result Declared,2026-05-06 13:39:08
2026_RESULTS,Tamil Nadu,S22,99,S22-099,ERODE (WEST),ANANTH MOGHAN K.K.,Tamilaga Vettri Kazhagam,S. MUTHUSAMY,Dravida Munnetra Kazhagam,22250,24/24,Result Declared,2026-05-06 13:39:08
2026_RESULTS,Tamil Nadu,S22,178,S22-178,GANDHARVAKOTTAI,N. SUBRAMANIAN,Tamilaga Vettri Kazhagam,C. UTHAYAKUMAR,Bharatiya Janata Party,11039,18/18,Result Declared,2026-05-06 13:39:08
2026_RESULTS,Tamil Nadu,S22,81,S22-081,GANGAVALLI,NALLATHAMBI. A,All India Anna Dravida Munnetra Kazhagam,CHINNADURAI. K,Dravida Munnetra Kazhagam,14404,22/22,Result Declared,2026-05-06 13:39:08
2026_RESULTS,Tamil Nadu,S22,70,S22-070,GINGEE,GANESHKUMAR A,Pattali Makkal Katchi,GINGEE MASTHAN K S,Dravida Munnetra Kazhagam,12645,24/24,Result Declared,2026-05-06 13:39:08
2026_RESULTS,Tamil Nadu,S22,106,S22-106,GOBICHETTIPALAYAM,SENGOTTAIYAN.K.A,Tamilaga Vettri Kazhagam,NALLASIVAM.N,Dravida Munnetra Kazhagam,16620,23/23,Result Declared,2026-05-06 13:39:08
2026_RESULTS,Tamil Nadu,S22,109,S22-109,GUDALUR,DHRAVIDAMANI.M,Dravida Munnetra Kazhagam,PON.JAYASEELAN,All India Anna Dravida Munnetra Kazhagam,22833,18/18,Result Declared,2026-05-06 13:39:08
2026_RESULTS,Tamil Nadu,S22,46,S22-046,GUDIYATTAM,K.SINDU,Tamilaga Vettri Kazhagam,K.B.PRADAP,Desiya Murpokku Dravida Kazhagam,10097,23/23,Result Declared,2026-05-06 13:39:08
2026_RESULTS,Tamil Nadu,S22,1,S22-001,GUMMIDIPOONDI,S.VIJAYAKUMAR,Tamilaga Vettri Kazhagam,SUDHAKAR.V,All India Anna Dravida Munnetra Kazhagam,27945,26/26,Result Declared,2026-05-06 13:39:08
2026_RESULTS,Tamil Nadu,S22,18,S22-018,HARBOUR,P K SEKARBABU,Dravida Munnetra Kazhagam,SINORA P S ASHOK,Tamilaga Vettri Kazhagam,11750,14/14,Result Declared,2026-05-06 13:39:08
2026_RESULTS,Tamil Nadu,S22,61,S22-061,HARUR,SAMPATHKUMAR. V,All India Anna Dravida Munnetra Kazhagam,SHANMUGAM. A,Dravida Munnetra Kazhagam,3329,23/23,Result Declared,2026-05-06 13:39:08
2026_RESULTS,Tamil Nadu,S22,55,S22-055,HOSUR,BALAKRISHNAREDDY. P,All India Anna Dravida Munnetra Kazhagam,VENDARKARASAN.S,Tamilaga Vettri Kazhagam,27803,32/32,Result Declared,2026-05-06 13:39:08
2026_RESULTS,Tamil Nadu,S22,150,S22-150,JAYANKONDAM,VAITHILINGAM G.,Pattali Makkal Katchi,KANNAN KA.SO.KA.,Dravida Munnetra Kazhagam,18490,25/25,Result Declared,2026-05-06 13:39:08
2026_RESULTS,Tamil Nadu,S22,49,S22-049,JOLARPET,VEERAMANI K.C.,All India Anna Dravida Munnetra Kazhagam,MUNISAMY C,Tamilaga Vettri Kazhagam,16083,22/22,Result Declared,2026-05-06 13:39:08
2026_RESULTS,Tamil Nadu,S22,221,S22-221,KADAYANALLUR,RAJENDRAN. T. M,Dravida Munnetra Kazhagam,C. KRISHNAMURALI,All India Anna Dravida Munnetra Kazhagam,6253,27/27,Result Declared,2026-05-06 13:39:08
2026_RESULTS,Tamil Nadu,S22,65,S22-065,KALASAPAKKAM,AGRI KRISHNAMURTHY. S S,All India Anna Dravida Munnetra Kazhagam,SARAVANAN. P.S.T,Dravida Munnetra Kazhagam,26740,24/24,Result Declared,2026-05-06 13:39:08
2026_RESULTS,Tamil Nadu,S22,80,S22-080,KALLAKURICHI,ARUL VIGNESH C,Tamilaga Vettri Kazhagam,RAJEEVGANDHI S,All India Anna Dravida Munnetra Kazhagam,798,27/27,Result Declared,2026-05-06 13:39:08
2026_RESULTS,Tamil Nadu,S22,37,S22-037,KANCHEEPURAM,R.V. RANJITHKUMAR,Tamilaga Vettri Kazhagam,V. SOMASUNDARAM,All India Anna Dravida Munnetra Kazhagam,15488,26/26,Result Declared,2026-05-06 13:39:08
2026_RESULTS,Tamil Nadu,S22,102,S22-102,KANGAYAM,NSN NATARAJ,All India Anna Dravida Munnetra Kazhagam,MANI GOUNDER,Tamilaga Vettri Kazhagam,8133,24/24,Result Declared,2026-05-06 13:39:08
2026_RESULTS,Tamil Nadu,S22,229,S22-229,KANNIYAKUMARI,THALAVAI SUNDARAM. N,All India Anna Dravida Munnetra Kazhagam,MAHESH.R,Dravida Munnetra Kazhagam,214,34/34,Result Declared,2026-05-06 13:39:08
2026_RESULTS,Tamil Nadu,S22,184,S22-184,KARAIKUDI,DR.PRABHU. TK,Tamilaga Vettri Kazhagam,MANGUDI. S,Indian National Congress,46074,30/30,Result Declared,2026-05-06 13:39:08
2026_RESULTS,Tamil Nadu,S22,135,S22-135,KARUR,M.R. VIJAYABHASKAR,All India Anna Dravida Munnetra Kazhagam,MATHIYALAGAN V.P,Tamilaga Vettri Kazhagam,1821,21/21,Result Declared,2026-05-06 13:39:08
2026_RESULTS,Tamil Nadu,S22,40,S22-040,KATPADI,DR M SUDHAKAR,Tamilaga Vettri Kazhagam,V. RAMU,All India Anna Dravida Munnetra Kazhagam,5870,21/21,Result Declared,2026-05-06 13:39:08
2026_RESULTS,Tamil Nadu,S22,159,S22-159,KATTUMANNARKOIL,L.E. JOTHIMANI,Viduthalai Chiruthaigal Katchi,A. SOZHAN,Pattali Makkal Katchi,33063,22/22,Result Declared,2026-05-06 13:39:08
2026_RESULTS,Tamil Nadu,S22,117,S22-117,KAVUNDAMPALAYAM,KANIMOZHI SANTHOSH,Tamilaga Vettri Kazhagam,ARUNKUMAR PRG,All India Anna Dravida Munnetra Kazhagam,42140,28/28,Result Declared,2026-05-06 13:39:08
2026_RESULTS,Tamil Nadu,S22,234,S22-234,KILLIYOOR,RAJESH KUMAR. S,Indian National Congress,SABIN. S,Tamilaga Vettri Kazhagam,1311,23/23,Result Declared,2026-05-06 13:39:08
2026_RESULTS,Tamil Nadu,S22,64,S22-064,KILPENNATHUR,RAMACHANDRAN.S,All India Anna Dravida Munnetra Kazhagam,PITCHANDI.K,Dravida Munnetra Kazhagam,30465,23/23,Result Declared,2026-05-06 13:39:08
2026_RESULTS,Tamil Nadu,S22,45,S22-045,KILVAITHINANKUPPAM,THENRAL KUMAR. E,Tamilaga Vettri Kazhagam,JEGAN MOORTHY. M,All India Anna Dravida Munnetra Kazhagam,20255,19/19,Result Declared,2026-05-06 13:39:08
2026_RESULTS,Tamil Nadu,S22,164,S22-164,KILVELUR,LATHA. T,Communist Party of India (Marxist),SENTHIL PANDIAN. P,Tamilaga Vettri Kazhagam,2278,17/17,Result Declared,2026-05-06 13:39:08
2026_RESULTS,Tamil Nadu,S22,122,S22-122,KINATHUKADAVU,VIGNESH K,Tamilaga Vettri Kazhagam,SABARI KARTHIKEYAN K.V.K.S,Dravida Munnetra Kazhagam,11710,31/31,Result Declared,2026-05-06 13:39:08
2026_RESULTS,Tamil Nadu,S22,13,S22-013,KOLATHUR,V. S. BABU,Tamilaga Vettri Kazhagam,M. K. STALIN,Dravida Munnetra Kazhagam,8795,22/22,Result Declared,2026-05-06 13:39:08
2026_RESULTS,Tamil Nadu,S22,218,S22-218,KOVILPATTI,KARUNANITHI.K,Dravida Munnetra Kazhagam,BALASUBRAMANIAN.S,Tamilaga Vettri Kazhagam,843,25/25,Result Declared,2026-05-06 13:39:08
2026_RESULTS,Tamil Nadu,S22,53,S22-053,KRISHNAGIRI,MUKUNDHAN.P,Tamilaga Vettri Kazhagam,ASHOKKUMAR.K,All India Anna Dravida Munnetra Kazhagam,18844,25/25,Result Declared,2026-05-06 13:39:08
2026_RESULTS,Tamil Nadu,S22,136,S22-136,KRISHNARAYAPURAM,SATHYA. M,Tamilaga Vettri Kazhagam,DR. DHIVYA. S,All India Anna Dravida Munnetra Kazhagam,3503,21/21,Result Declared,2026-05-06 13:39:08
2026_RESULTS,Tamil Nadu,S22,137,S22-137,KULITHALAI,SURIYANUR. A. CHANDRAN,Dravida Munnetra Kazhagam,G.BALASUBRAMANI,Tamilaga Vettri Kazhagam,579,21/21,Result Declared,2026-05-06 13:39:08
2026_RESULTS,Tamil Nadu,S22,97,S22-097,KUMARAPALAYAM,C.VIJAYALAKSHMI,Tamilaga Vettri Kazhagam,P.THANGAMANI,All India Anna Dravida Munnetra Kazhagam,7696,24/24,Result Declared,2026-05-06 13:39:08
2026_RESULTS,Tamil Nadu,S22,171,S22-171,KUMBAKONAM,VINOTH,Tamilaga Vettri Kazhagam,ANBALAGAN G,Dravida Munnetra Kazhagam,679,23/23,Result Declared,2026-05-06 13:39:08
2026_RESULTS,Tamil Nadu,S22,148,S22-148,KUNNAM,SIVASANKAR. S.S,Dravida Munnetra Kazhagam,SARANYA. A,All India Anna Dravida Munnetra Kazhagam,15557,25/25,Result Declared,2026-05-06 13:39:08
2026_RESULTS,Tamil Nadu,S22,156,S22-156,KURINJIPADI,M.R.K.PANNEERSELVAM,Dravida Munnetra Kazhagam,A BHUVANENTHIRAN,All India Anna Dravida Munnetra Kazhagam,7589,20/20,Result Declared,2026-05-06 13:39:08
2026_RESULTS,Tamil Nadu,S22,143,S22-143,LALGUDI,LEEMAROSE MARTIN,All India Anna Dravida Munnetra Kazhagam,KU PA KRISHNAN,Tamilaga Vettri Kazhagam,2739,21/21,Result Declared,2026-05-06 13:39:08
2026_RESULTS,Tamil Nadu,S22,126,S22-126,MADATHUKULAM,R JAYARAMAKRISHNAN,Dravida Munnetra Kazhagam,C SHANMUGAVELU,Amma Makkal Munnettra Kazagam,15968,22/22,Result Declared,2026-05-06 13:39:08
2026_RESULTS,Tamil Nadu,S22,9,S22-009,MADAVARAM,M.L.VIJAYPRABHU,Tamilaga Vettri Kazhagam,S.SUDHARSANAM,Dravida Munnetra Kazhagam,94985,19/19,Result Declared,2026-05-06 13:39:08
2026_RESULTS,Tamil Nadu,S22,193,S22-193,MADURAI CENTRAL,MADHAR BADHURUDEEN,Tamilaga Vettri Kazhagam,PALANIVEL THIAGA RAJAN,Dravida Munnetra Kazhagam,19128,19/19,Result Declared,2026-05-06 13:39:08
2026_RESULTS,Tamil Nadu,S22,189,S22-189,MADURAI EAST,KARTHIKEYAN S,Tamilaga Vettri Kazhagam,MOORTHY P,Dravida Munnetra Kazhagam,16547,29/29,Result Declared,2026-05-06 13:39:08
2026_RESULTS,Tamil Nadu,S22,191,S22-191,MADURAI NORTH,A.KALLANAI,Tamilaga Vettri Kazhagam,G.THALAPATHI,Dravida Munnetra Kazhagam,18038,19/19,Result Declared,2026-05-06 13:39:08
2026_RESULTS,Tamil Nadu,S22,192,S22-192,MADURAI SOUTH,M.M.GOPISON,Tamilaga Vettri Kazhagam,M.BOOMINATHAN,Dravida Munnetra Kazhagam,21529,17/17,Result Declared,2026-05-06 13:39:08
2026_RESULTS,Tamil Nadu,S22,194,S22-194,MADURAI WEST,THANGAPANDI SR,Tamilaga Vettri Kazhagam,BALAJI R,Dravida Munnetra Kazhagam,11931,27/27,Result Declared,2026-05-06 13:39:08
2026_RESULTS,Tamil Nadu,S22,35,S22-035,MADURANTAKAM,MARAGATHAM KUMARAVEL.K,All India Anna Dravida Munnetra Kazhagam,EZHIL KATHARINE EZHILMALAI,Tamilaga Vettri Kazhagam,7194,22/22,Result Declared,2026-05-06 13:39:08
2026_RESULTS,Tamil Nadu,S22,7,S22-007,MADURAVOYAL,RHEVANTH CHARAN,Tamilaga Vettri Kazhagam,GANAPATHY. K,Dravida Munnetra Kazhagam,61509,27/27,Result Declared,2026-05-06 13:39:08
2026_RESULTS,Tamil Nadu,S22,71,S22-071,MAILAM,SHANMUGAM C VE,All India Anna Dravida Munnetra Kazhagam,VIJAY NIRANJAN A,Tamilaga Vettri Kazhagam,30041,21/21,Result Declared,2026-05-06 13:39:08
2026_RESULTS,Tamil Nadu,S22,144,S22-144,MANACHANALLUR,KATHIRAVAN. S,Dravida Munnetra Kazhagam,V.SARAVANAN,Tamilaga Vettri Kazhagam,12364,22/22,Result Declared,2026-05-06 13:39:08
2026_RESULTS,Tamil Nadu,S22,187,S22-187,MANAMADURAI,ELANGOVAN.D,Tamilaga Vettri Kazhagam,TAMILARASI.A,Dravida Munnetra Kazhagam,1208,27/27,Result Declared,2026-05-06 13:39:08
2026_RESULTS,Tamil Nadu,S22,138,S22-138,MANAPPARAI,R. KATHIRAVAN,Tamilaga Vettri Kazhagam,DR. PL. VIJAYAKUMAR,All India Anna Dravida Munnetra Kazhagam,1426,26/26,Result Declared,2026-05-06 13:39:08
2026_RESULTS,Tamil Nadu,S22,167,S22-167,MANNARGUDI,KAMARAJ. S,Amma Makkal Munnettra Kazagam,RAJAA.T.R.B,Dravida Munnetra Kazhagam,1566,22/22,Result Declared,2026-05-06 13:39:08
2026_RESULTS,Tamil Nadu,S22,161,S22-161,MAYILADUTHURAI,JAMAL MOHAMED YOUNOOS. Y.N,Indian National Congress,PALANISAMY. A M.COM.,Pattali Makkal Katchi,10845,22/22,Result Declared,2026-05-06 13:39:08
2026_RESULTS,Tamil Nadu,S22,188,S22-188,MELUR,P.VISWANATHAN,Indian National Congress,A.MADURAIVEERAN,Tamilaga Vettri Kazhagam,2724,21/21,Result Declared,2026-05-06 13:39:08
2026_RESULTS,Tamil Nadu,S22,111,S22-111,METTUPPALAYAM,SUNILANAND,Tamilaga Vettri Kazhagam,SMT.KAVITHA KALYANASUNDARAM,Dravida Munnetra Kazhagam,7768,27/27,Result Declared,2026-05-06 13:39:08
2026_RESULTS,Tamil Nadu,S22,85,S22-085,METTUR,VENKATACHALAM. G,All India Anna Dravida Munnetra Kazhagam,MIDHUN CHAKRAVARTHY. M,Dravida Munnetra Kazhagam,19105,30/30,Result Declared,2026-05-06 13:39:08
2026_RESULTS,Tamil Nadu,S22,100,S22-100,MODAKKURICHI,D.SHANMUGAN,Tamilaga Vettri Kazhagam,S.KIRTHIKA,Bharatiya Janata Party,2430,21/21,Result Declared,2026-05-06 13:39:08
2026_RESULTS,Tamil Nadu,S22,212,S22-212,MUDHUKULATHUR,R.S.RAJAKANNAPPAN,Dravida Munnetra Kazhagam,MALARVIZHI. B,Tamilaga Vettri Kazhagam,16598,31/31,Result Declared,2026-05-06 13:39:08
2026_RESULTS,Tamil Nadu,S22,145,S22-145,MUSIRI,M.VIGNESH,Tamilaga Vettri Kazhagam,N.S.KARUNAIRAAJA,Dravida Munnetra Kazhagam,17442,21/21,Result Declared,2026-05-06 13:39:08
2026_RESULTS,Tamil Nadu,S22,25,S22-025,MYLAPORE,VENKATARAMANAN. P,Tamilaga Vettri Kazhagam,VELU. DHA,Dravida Munnetra Kazhagam,28972,21/21,Result Declared,2026-05-06 13:39:08
2026_RESULTS,Tamil Nadu,S22,163,S22-163,NAGAPATTINAM,M.H.JAWAHIRULLAH,Dravida Munnetra Kazhagam,M.SUGUMAR,Tamilaga Vettri Kazhagam,9781,19/19,Result Declared,2026-05-06 13:39:08
2026_RESULTS,Tamil Nadu,S22,230,S22-230,NAGERCOIL,AUSTIN,Dravida Munnetra Kazhagam,BERVIN KINGS G,Tamilaga Vettri Kazhagam,7570,23/23,Result Declared,2026-05-06 13:39:08
2026_RESULTS,Tamil Nadu,S22,94,S22-094,NAMAKKAL,DILIP C S,Tamilaga Vettri Kazhagam,SRIDEVI MOHAN P S,All India Anna Dravida Munnetra Kazhagam,11008,23/23,Result Declared,2026-05-06 13:39:08
2026_RESULTS,Tamil Nadu,S22,227,S22-227,NANGUNERI,REDDIARPATTI V. NARAYANAN,Tamilaga Vettri Kazhagam,RUBY.R.MANOHARAN,Indian National Congress,16419,25/25,Result Declared,2026-05-06 13:39:08
2026_RESULTS,Tamil Nadu,S22,169,S22-169,NANNILAM,KAMARAJ. R,All India Anna Dravida Munnetra Kazhagam,MOHAMED MUBARAK,Dravida Munnetra Kazhagam,41724,25/25,Result Declared,2026-05-06 13:39:08
2026_RESULTS,Tamil Nadu,S22,131,S22-131,NATHAM,NATHAM VISWANATHAN R,All India Anna Dravida Munnetra Kazhagam,SELVAKUMAR K,Dravida Munnetra Kazhagam,11869,27/27,Result Declared,2026-05-06 13:39:08
2026_RESULTS,Tamil Nadu,S22,153,S22-153,NEYVELI,RAJENDRAN.R,All India Anna Dravida Munnetra Kazhagam,SABA.RAJENDRAN,Dravida Munnetra Kazhagam,10962,20/20,Result Declared,2026-05-06 13:39:08
2026_RESULTS,Tamil Nadu,S22,130,S22-130,NILAKKOTTAI,AYYANAR.R,Tamilaga Vettri Kazhagam,NAGAJOTHI.S,Dravida Munnetra Kazhagam,2925,25/25,Result Declared,2026-05-06 13:39:08
2026_RESULTS,Tamil Nadu,S22,128,S22-128,ODDANCHATRAM,SAKKARAPANI. R,Dravida Munnetra Kazhagam,VIDIYAL S. SEKAR,Bharatiya Janata Party,43249,26/26,Result Declared,2026-05-06 13:39:08
2026_RESULTS,Tamil Nadu,S22,84,S22-084,OMALUR,MANI. R,All India Anna Dravida Munnetra Kazhagam,ADHIYAMAAN. R.V,Tamilaga Vettri Kazhagam,14539,26/26,Result Declared,2026-05-06 13:39:08
2026_RESULTS,Tamil Nadu,S22,175,S22-175,ORATHANADU,R. VAITHILINGAM,Dravida Munnetra Kazhagam,DR. K. ARVIND,Tamilaga Vettri Kazhagam,35028,24/24,Result Declared,2026-05-06 13:39:08
2026_RESULTS,Tamil Nadu,S22,217,S22-217,OTTAPIDARAM,P .MATHANRAJA,Tamilaga Vettri Kazhagam,P.M.RAMAJEYAM,Dravida Munnetra Kazhagam,29083,24/24,Result Declared,2026-05-06 13:39:08
2026_RESULTS,Tamil Nadu,S22,232,S22-232,PADMANABHAPURAM,CHELLASWAMY. R,Communist Party of India (Marxist),KRISHNA KUMAR. S,Tamilaga Vettri Kazhagam,15569,24/24,Result Declared,2026-05-06 13:39:08
2026_RESULTS,Tamil Nadu,S22,57,S22-057,PALACODU,ANBALAGAN. K.P.,All India Anna Dravida Munnetra Kazhagam,GOPI. R.,Tamilaga Vettri Kazhagam,39042,23/23,Result Declared,2026-05-06 13:39:08
2026_RESULTS,Tamil Nadu,S22,127,S22-127,PALANI,RAVIMANOHARAN. K,All India Anna Dravida Munnetra Kazhagam,DR. PRAVEEN KUMAR. M,Tamilaga Vettri Kazhagam,693,27/27,Result Declared,2026-05-06 13:39:08
2026_RESULTS,Tamil Nadu,S22,226,S22-226,PALAYAMKOTTAI,M.ABDUL WAHAB,Dravida Munnetra Kazhagam,MARIA JOHN,Tamilaga Vettri Kazhagam,13805,22/22,Result Declared,2026-05-06 13:39:08
2026_RESULTS,Tamil Nadu,S22,115,S22-115,PALLADAM,K.RAMKUMAR,Tamilaga Vettri Kazhagam,K.P.PARAMASIVAM,All India Anna Dravida Munnetra Kazhagam,37897,35/35,Result Declared,2026-05-06 13:39:08
2026_RESULTS,Tamil Nadu,S22,30,S22-030,PALLAVARAM,J.KAMATCHI,Tamilaga Vettri Kazhagam,D.MURUGESAN,Desiya Murpokku Dravida Kazhagam,54693,35/35,Result Declared,2026-05-06 13:39:08
2026_RESULTS,Tamil Nadu,S22,154,S22-154,PANRUTI,MOHAN. K,All India Anna Dravida Munnetra Kazhagam,ABDUR RAHMAN. A.R,Viduthalai Chiruthaigal Katchi,10663,23/23,Result Declared,2026-05-06 13:39:08
2026_RESULTS,Tamil Nadu,S22,172,S22-172,PAPANASAM,A.M. SHAHJAHAN,Indian Union Muslim League,AZARUDEEN UDUMAN ALI,Tamilaga Vettri Kazhagam,1065,23/23,Result Declared,2026-05-06 13:39:08
2026_RESULTS,Tamil Nadu,S22,60,S22-060,PAPPIREDDIPATTI,MARAGATHAM VETRIVEL,All India Anna Dravida Munnetra Kazhagam,PALANIAPPAN. P,Dravida Munnetra Kazhagam,33114,25/25,Result Declared,2026-05-06 13:39:08
2026_RESULTS,Tamil Nadu,S22,209,S22-209,PARAMAKUDI,ADVOCATE. KATHIRAVAN. K.K,Dravida Munnetra Kazhagam,GOPIRAJAN. G,Tamilaga Vettri Kazhagam,3548,25/25,Result Declared,2026-05-06 13:39:08
2026_RESULTS,Tamil Nadu,S22,95,S22-095,PARAMATHI-VELUR,SEKAR S,All India Anna Dravida Munnetra Kazhagam,MOORTHIY K S,Dravida Munnetra Kazhagam,308,20/20,Result Declared,2026-05-06 13:39:08
2026_RESULTS,Tamil Nadu,S22,176,S22-176,PATTUKKOTTAI,ANNADURAI K,Dravida Munnetra Kazhagam,MATHAN C,Tamilaga Vettri Kazhagam,13754,24/24,Result Declared,2026-05-06 13:39:08
2026_RESULTS,Tamil Nadu,S22,58,S22-058,PENNAGARAM,GAJENDRAN. S.,Tamilaga Vettri Kazhagam,SELVAM. V.,Pattali Makkal Katchi,3165,23/23,Result Declared,2026-05-06 13:39:08
2026_RESULTS,Tamil Nadu,S22,147,S22-147,PERAMBALUR,SIVAKUMAR. K,Tamilaga Vettri Kazhagam,DR. JAYALAKSHMI. S.T,Dravida Munnetra Kazhagam,14393,28/28,Result Declared,2026-05-06 13:39:08
2026_RESULTS,Tamil Nadu,S22,12,S22-012,PERAMBUR,C. JOSEPH VIJAY,Tamilaga Vettri Kazhagam,R.D. SHEKAR,Dravida Munnetra Kazhagam,53715,23/23,Result Declared,2026-05-06 13:39:08
2026_RESULTS,Tamil Nadu,S22,177,S22-177,PERAVURANI,ASHOKKUMAR. N,Dravida Munnetra Kazhagam,GOVI.ELANGO,All India Anna Dravida Munnetra Kazhagam,3162,21/21,Result Declared,2026-05-06 13:39:08
2026_RESULTS,Tamil Nadu,S22,199,S22-199,PERIYAKULAM,SABARI IYNGARAN G.,Tamilaga Vettri Kazhagam,SAKTHIVEL P.,Viduthalai Chiruthaigal Katchi,19321,26/26,Result Declared,2026-05-06 13:39:08
2026_RESULTS,Tamil Nadu,S22,103,S22-103,PERUNDURAI,JAYAKUMAR. S,All India Anna Dravida Munnetra Kazhagam,THOPPU VENKATACHALAM (ALIAS) N.D. VENKATACHALAM,Dravida Munnetra Kazhagam,9693,22/22,Result Declared,2026-05-06 13:39:08
2026_RESULTS,Tamil Nadu,S22,123,S22-123,POLLACHI,K. NITHYANANDHAN,Dravida Munnetra Kazhagam,POLLACHI V. JAYARAMAN,All India Anna Dravida Munnetra Kazhagam,4627,22/22,Result Declared,2026-05-06 13:39:08
2026_RESULTS,Tamil Nadu,S22,66,S22-066,POLUR,ABISHEK. R,Tamilaga Vettri Kazhagam,SARAVANAN. P,Desiya Murpokku Dravida Kazhagam,227,22/22,Result Declared,2026-05-06 13:39:08
2026_RESULTS,Tamil Nadu,S22,2,S22-002,PONNERI,DR.RAVI.M.S,Tamilaga Vettri Kazhagam,DURAI CHANDRASEKAR,Indian National Congress,55768,26/26,Result Declared,2026-05-06 13:39:08
2026_RESULTS,Tamil Nadu,S22,162,S22-162,POOMPUHAR,NIVEDHA M MURUGAN,Dravida Munnetra Kazhagam,PAVUNRAJ. S,All India Anna Dravida Munnetra Kazhagam,8260,25/25,Result Declared,2026-05-06 13:39:08
2026_RESULTS,Tamil Nadu,S22,5,S22-005,POONAMALLEE,PRAKASAM.R,Tamilaga Vettri Kazhagam,KRISHNASWAMY.A,Dravida Munnetra Kazhagam,72740,25/25,Result Declared,2026-05-06 13:39:08
2026_RESULTS,Tamil Nadu,S22,180,S22-180,PUDUKKOTTAI,V. MUTHURAJA,Dravida Munnetra Kazhagam,K.M. SHARIFF,Tamilaga Vettri Kazhagam,1867,22/22,Result Declared,2026-05-06 13:39:08
2026_RESULTS,Tamil Nadu,S22,228,S22-228,RADHAPURAM,DR.SATHISH CHRISTOPHER,Tamilaga Vettri Kazhagam,APPAVU.M,Dravida Munnetra Kazhagam,12313,26/26,Result Declared,2026-05-06 13:39:08
2026_RESULTS,Tamil Nadu,S22,202,S22-202,RAJAPALAYAM,JEGADESHWARI. K,Tamilaga Vettri Kazhagam,THANGAPANDIAN. S,Dravida Munnetra Kazhagam,10605,21/21,Result Declared,2026-05-06 13:39:08
2026_RESULTS,Tamil Nadu,S22,211,S22-211,RAMANATHAPURAM,KATHARBATCHA MUTHURAMALINGAM,Dravida Munnetra Kazhagam,SHAHUL HAMEED,Tamilaga Vettri Kazhagam,12459,31/31,Result Declared,2026-05-06 13:39:08
2026_RESULTS,Tamil Nadu,S22,41,S22-041,RANIPET,THAHIRA,Tamilaga Vettri Kazhagam,R. GANDHI,Dravida Munnetra Kazhagam,5787,22/22,Result Declared,2026-05-06 13:39:08
2026_RESULTS,Tamil Nadu,S22,92,S22-092,RASIPURAM,LOGESH TAMILSELVAN D,Tamilaga Vettri Kazhagam,PREMKUMAR S D,Bharatiya Janata Party,14511,21/21,Result Declared,2026-05-06 13:39:08
2026_RESULTS,Tamil Nadu,S22,78,S22-078,RISHIVANDIYAM,KARTHIKEYAN K,Dravida Munnetra Kazhagam,ASHOK KUMAR G,Tamilaga Vettri Kazhagam,4862,25/25,Result Declared,2026-05-06 13:39:08
2026_RESULTS,Tamil Nadu,S22,17,S22-017,ROYAPURAM,K.V. VIJAY DAMU,Tamilaga Vettri Kazhagam,DR. A. SUBAIR KHAN,Dravida Munnetra Kazhagam,14249,15/15,Result Declared,2026-05-06 13:39:08
2026_RESULTS,Tamil Nadu,S22,23,S22-023,SAIDAPET,ARUL PRAKASAM. M,Tamilaga Vettri Kazhagam,SUBRAMANIAN. MA,Dravida Munnetra Kazhagam,28514,21/21,Result Declared,2026-05-06 13:39:08
2026_RESULTS,Tamil Nadu,S22,89,S22-089,SALEM (NORTH),SIVAKUMAR. K,Tamilaga Vettri Kazhagam,RAJENDRAN. R,Dravida Munnetra Kazhagam,14034,23/23,Result Declared,2026-05-06 13:39:08
2026_RESULTS,Tamil Nadu,S22,90,S22-090,SALEM (SOUTH),VIJAY TAMILAN PARTHIBAN. A,Tamilaga Vettri Kazhagam,LOGANATHAN. M,Dravida Munnetra Kazhagam,33369,20/20,Result Declared,2026-05-06 13:39:08
2026_RESULTS,Tamil Nadu,S22,88,S22-088,SALEM (WEST),LAKSHMANAN.S,Tamilaga Vettri Kazhagam,KARTHE.M,Pattali Makkal Katchi,74867,24/24,Result Declared,2026-05-06 13:39:08
2026_RESULTS,Tamil Nadu,S22,219,S22-219,SANKARANKOVIL,DR. DHILIPAN JAISHANKAR,All India Anna Dravida Munnetra Kazhagam,C. RAMARAJAN,Tamilaga Vettri Kazhagam,6489,24/24,Result Declared,2026-05-06 13:39:08
2026_RESULTS,Tamil Nadu,S22,79,S22-079,SANKARAPURAM,RAKESH R,All India Anna Dravida Munnetra Kazhagam,UDHAYASURIYAN T,Dravida Munnetra Kazhagam,3440,25/25,Result Declared,2026-05-06 13:39:08
2026_RESULTS,Tamil Nadu,S22,87,S22-087,SANKARI,VETRIVEL. S,All India Anna Dravida Munnetra Kazhagam,SENTHILKUMAR. K,Tamilaga Vettri Kazhagam,9517,25/25,Result Declared,2026-05-06 13:39:08
2026_RESULTS,Tamil Nadu,S22,204,S22-204,SATTUR,KADARKARAIRAJ. A,Dravida Munnetra Kazhagam,NAINAR NAGENTHRAN,Bharatiya Janata Party,5989,21/21,Result Declared,2026-05-06 13:39:08
2026_RESULTS,Tamil Nadu,S22,93,S22-093,SENTHAMANGALAM,P CHANDRASEKAR,Tamilaga Vettri Kazhagam,C CHANDRASEKARAN,All India Anna Dravida Munnetra Kazhagam,2655,23/23,Result Declared,2026-05-06 13:39:08
2026_RESULTS,Tamil Nadu,S22,190,S22-190,SHOLAVANDAN,KARUPPAIAH.M.V,Tamilaga Vettri Kazhagam,VENKATESAN.A,Dravida Munnetra Kazhagam,2678,19/19,Result Declared,2026-05-06 13:39:08
2026_RESULTS,Tamil Nadu,S22,39,S22-039,SHOLINGUR,G.KAPIL,Tamilaga Vettri Kazhagam,K.SARAVANAN,Pattali Makkal Katchi,5686,26/26,Result Declared,2026-05-06 13:39:08
2026_RESULTS,Tamil Nadu,S22,27,S22-027,SHOZHINGANALLUR,ECR P SARAVANAN,Tamilaga Vettri Kazhagam,S. ARAVIND RAMESH,Dravida Munnetra Kazhagam,96780,33/33,Result Declared,2026-05-06 13:39:09
2026_RESULTS,Tamil Nadu,S22,121,S22-121,SINGANALLUR,K.S.SRI GIRI PRASATH,Tamilaga Vettri Kazhagam,V.SRINIDHI,Indian National Congress,19139,27/27,Result Declared,2026-05-06 13:39:09
2026_RESULTS,Tamil Nadu,S22,160,S22-160,SIRKAZHI,SENTHILSELVAN.R,Dravida Munnetra Kazhagam,SAKTHI.M,All India Anna Dravida Munnetra Kazhagam,11417,23/23,Result Declared,2026-05-06 13:39:09
2026_RESULTS,Tamil Nadu,S22,186,S22-186,SIVAGANGA,KULANTHAI RANI A,Tamilaga Vettri Kazhagam,SENTHILNATHAN PR,All India Anna Dravida Munnetra Kazhagam,15081,31/31,Result Declared,2026-05-06 13:39:09
2026_RESULTS,Tamil Nadu,S22,205,S22-205,SIVAKASI,KEERTHANA S,Tamilaga Vettri Kazhagam,ASHOKAN G,Indian National Congress,11670,22/22,Result Declared,2026-05-06 13:39:09
2026_RESULTS,Tamil Nadu,S22,29,S22-029,SRIPERUMBUDUR,THENNARASU.K,Tamilaga Vettri Kazhagam,K. SELVAPERUNTHAGAI,Indian National Congress,54246,33/33,Result Declared,2026-05-06 13:39:09
2026_RESULTS,Tamil Nadu,S22,139,S22-139,SRIRANGAM,RAMESH,Tamilaga Vettri Kazhagam,S. DURAIRAJ,Dravida Munnetra Kazhagam,33590,28/28,Result Declared,2026-05-06 13:39:09
2026_RESULTS,Tamil Nadu,S22,216,S22-216,SRIVAIKUNTAM,SARAVANAN. G,Tamilaga Vettri Kazhagam,SHANMUGANATHAN. S. P,All India Anna Dravida Munnetra Kazhagam,1186,21/21,Result Declared,2026-05-06 13:39:09
2026_RESULTS,Tamil Nadu,S22,203,S22-203,SRIVILLIPUTHUR,KARTHIK.A,Tamilaga Vettri Kazhagam,MAHALINGAM.P,Communist Party of India,8581,24/24,Result Declared,2026-05-06 13:39:09
2026_RESULTS,Tamil Nadu,S22,116,S22-116,SULUR,NM.SUKUMAR,Tamilaga Vettri Kazhagam,V.P.KANDASAMY,All India Anna Dravida Munnetra Kazhagam,4790,30/30,Result Declared,2026-05-06 13:39:09
2026_RESULTS,Tamil Nadu,S22,31,S22-031,TAMBARAM,D.SARATHKUMAR,Tamilaga Vettri Kazhagam,R.S.KIRUTHIKA DEVI,Dravida Munnetra Kazhagam,35621,39/39,Result Declared,2026-05-06 13:39:09
2026_RESULTS,Tamil Nadu,S22,222,S22-222,TENKASI,DR.KALAI KATHIRAVAN,Dravida Munnetra Kazhagam,S.SELVA MOHANDAS PANDIAN,All India Anna Dravida Munnetra Kazhagam,10299,26/26,Result Declared,2026-05-06 13:39:09
2026_RESULTS,Tamil Nadu,S22,56,S22-056,THALLI,RAMACHANDRAN. T,Communist Party of India,DR.NAGESH KUMAR. C,Bharatiya Janata Party,5240,24/24,Result Declared,2026-05-06 13:39:09
2026_RESULTS,Tamil Nadu,S22,174,S22-174,THANJAVUR,R. VIJAYSARAVANAN,Tamilaga Vettri Kazhagam,SHAN. RAMANATHAN,Dravida Munnetra Kazhagam,16955,24/24,Result Declared,2026-05-06 13:39:09
2026_RESULTS,Tamil Nadu,S22,15,S22-015,THIRU-VI-KA-NAGAR,M. R. PALLAVI,Tamilaga Vettri Kazhagam,K. S. RAVICHANDRAN,Dravida Munnetra Kazhagam,22333,17/17,Result Declared,2026-05-06 13:39:09
2026_RESULTS,Tamil Nadu,S22,196,S22-196,THIRUMANGALAM,MANIMARAN.M,Dravida Munnetra Kazhagam,UDHAYAKUMAR.R.B,All India Anna Dravida Munnetra Kazhagam,23807,26/26,Result Declared,2026-05-06 13:39:09
2026_RESULTS,Tamil Nadu,S22,181,S22-181,THIRUMAYAM,REGUPATHY.S,Dravida Munnetra Kazhagam,CHINTHAMANI.C,Tamilaga Vettri Kazhagam,1492,22/22,Result Declared,2026-05-06 13:39:09
2026_RESULTS,Tamil Nadu,S22,195,S22-195,THIRUPARANKUNDRAM,NIRMALKUMAR. R.,Tamilaga Vettri Kazhagam,KIRUTHIGA THANGAPANDI,Dravida Munnetra Kazhagam,41553,27/27,Result Declared,2026-05-06 13:39:09
2026_RESULTS,Tamil Nadu,S22,33,S22-033,THIRUPORUR,B.VIJAYARAJ,Tamilaga Vettri Kazhagam,R. PANNEERDOSS,Viduthalai Chiruthaigal Katchi,39351,33/33,Result Declared,2026-05-06 13:39:09
2026_RESULTS,Tamil Nadu,S22,166,S22-166,THIRUTHURAIPOONDI,MARIMUTHU.K,Communist Party of India,PANDIYAN.S,Tamilaga Vettri Kazhagam,12922,21/21,Result Declared,2026-05-06 13:39:09
2026_RESULTS,Tamil Nadu,S22,173,S22-173,THIRUVAIYARU,DURAI. CHANDRASEKARAN,Dravida Munnetra Kazhagam,MATHI. MANIKANDAN,Tamilaga Vettri Kazhagam,8555,25/25,Result Declared,2026-05-06 13:39:09
2026_RESULTS,Tamil Nadu,S22,4,S22-004,THIRUVALLUR,DR. T. ARUNKUMAR,Tamilaga Vettri Kazhagam,V.G. RAAJENDRAN,Dravida Munnetra Kazhagam,24760,24/24,Result Declared,2026-05-06 13:39:09
2026_RESULTS,Tamil Nadu,S22,168,S22-168,THIRUVARUR,KALAIVANAN POONDI K,Dravida Munnetra Kazhagam,VEERAMANI V,Tamilaga Vettri Kazhagam,18148,25/25,Result Declared,2026-05-06 13:39:09
2026_RESULTS,Tamil Nadu,S22,142,S22-142,THIRUVERUMBUR,VIJAYAKUMAR (A) NAVALPATTU S. VIJI,Tamilaga Vettri Kazhagam,ANBIL MAHESH POYYAMOZHI,Dravida Munnetra Kazhagam,8705,24/24,Result Declared,2026-05-06 13:39:09
2026_RESULTS,Tamil Nadu,S22,170,S22-170,THIRUVIDAIMARUDUR,GOVI.CHEZHIAAN,Dravida Munnetra Kazhagam,S.PRABAKARAN,Tamilaga Vettri Kazhagam,14116,25/25,Result Declared,2026-05-06 13:39:09
2026_RESULTS,Tamil Nadu,S22,10,S22-010,THIRUVOTTIYUR,SENTHIL KUMAR. N,Tamilaga Vettri Kazhagam,SUNDARARAJ. L,Communist Party of India (Marxist),53564,26/26,Result Declared,2026-05-06 13:39:09
2026_RESULTS,Tamil Nadu,S22,24,S22-024,THIYAGARAYANAGAR,ANAND N,Tamilaga Vettri Kazhagam,SATHIYANARAYANAN B,All India Anna Dravida Munnetra Kazhagam,13027,18/18,Result Declared,2026-05-06 13:39:09
2026_RESULTS,Tamil Nadu,S22,119,S22-119,THONDAMUTHUR,S.P.VELUMANI,All India Anna Dravida Munnetra Kazhagam,SATHISH RAJU (ALIAS) K.P.R. SATHISH,Tamilaga Vettri Kazhagam,14725,28/28,Result Declared,2026-05-06 13:39:09
2026_RESULTS,Tamil Nadu,S22,214,S22-214,THOOTHUKKUDI,SRINATH,Tamilaga Vettri Kazhagam,P. GEETHA JEEVAN,Dravida Munnetra Kazhagam,37731,26/26,Result Declared,2026-05-06 13:39:09
2026_RESULTS,Tamil Nadu,S22,20,S22-020,THOUSAND LIGHTS,PRABHAKAR.J.C.D,Tamilaga Vettri Kazhagam,EZHILAN NAGANATHAN,Dravida Munnetra Kazhagam,15141,18/18,Result Declared,2026-05-06 13:39:09
2026_RESULTS,Tamil Nadu,S22,146,S22-146,THURAIYUR,RAVISANKAR.M,Tamilaga Vettri Kazhagam,E.SAROJA,All India Anna Dravida Munnetra Kazhagam,9614,23/23,Result Declared,2026-05-06 13:39:09
2026_RESULTS,Tamil Nadu,S22,72,S22-072,TINDIVANAM,VANNI ARASU,Viduthalai Chiruthaigal Katchi,ARJUNAN. P,All India Anna Dravida Munnetra Kazhagam,734,23/23,Result Declared,2026-05-06 13:39:09
2026_RESULTS,Tamil Nadu,S22,215,S22-215,TIRUCHENDUR,ANITHA R. RADHAKRISHNAN,Dravida Munnetra Kazhagam,J. MURUGAN,Tamilaga Vettri Kazhagam,5872,22/22,Result Declared,2026-05-06 13:39:09
2026_RESULTS,Tamil Nadu,S22,96,S22-096,TIRUCHENGODU,ARUNRAJ K G,Tamilaga Vettri Kazhagam,SRMT SEKAR (A) CHANDRASEKAR R,All India Anna Dravida Munnetra Kazhagam,28172,22/22,Result Declared,2026-05-06 13:39:09
2026_RESULTS,Tamil Nadu,S22,141,S22-141,TIRUCHIRAPPALLI (EAST),C. JOSEPH VIJAY,Tamilaga Vettri Kazhagam,S. INIGO IRUDAYARAJ,Dravida Munnetra Kazhagam,27416,28/28,Result Declared,2026-05-06 13:39:09
2026_RESULTS,Tamil Nadu,S22,140,S22-140,TIRUCHIRAPPALLI (WEST),K.N.NEHRU,Dravida Munnetra Kazhagam,G.RAMAMOORTHI,Tamilaga Vettri Kazhagam,4786,24/24,Result Declared,2026-05-06 13:39:09
2026_RESULTS,Tamil Nadu,S22,208,S22-208,TIRUCHULI,THANGAM THENARASU,Dravida Munnetra Kazhagam,SAMAYAN.S,Tamilaga Vettri Kazhagam,13485,23/23,Result Declared,2026-05-06 13:39:09
2026_RESULTS,Tamil Nadu,S22,76,S22-076,TIRUKKOYILUR,PALANISAMY S,All India Anna Dravida Munnetra Kazhagam,VIJAY R BARANIBALAAJI,Tamilaga Vettri Kazhagam,285,24/24,Result Declared,2026-05-06 13:39:09
2026_RESULTS,Tamil Nadu,S22,224,S22-224,TIRUNELVELI,MURUGHAN.R.S.,Tamilaga Vettri Kazhagam,SUBRAMANIAN.S,Dravida Munnetra Kazhagam,11414,28/28,Result Declared,2026-05-06 13:39:09
2026_RESULTS,Tamil Nadu,S22,50,S22-050,TIRUPPATTUR,DR.THIRUPATHI. N,Tamilaga Vettri Kazhagam,NALLATHAMBI. A,Dravida Munnetra Kazhagam,48263,23/23,Result Declared,2026-05-06 13:39:09
2026_RESULTS,Tamil Nadu,S22,185,S22-185,TIRUPPATTUR,SEENIVASA SETHUPATHY. R,Tamilaga Vettri Kazhagam,PERIAKARUPPAN. KR,Dravida Munnetra Kazhagam,1,30/30,Result Declared,2026-05-06 13:39:09
2026_RESULTS,Tamil Nadu,S22,113,S22-113,TIRUPPUR (NORTH),V.SATHYABAMA,Tamilaga Vettri Kazhagam,M.S.M.ANANDAN,All India Anna Dravida Munnetra Kazhagam,69992,34/34,Result Declared,2026-05-06 13:39:09
2026_RESULTS,Tamil Nadu,S22,114,S22-114,TIRUPPUR (SOUTH),BALAMURUGAN. S,Tamilaga Vettri Kazhagam,DINESHKUMAR. N,Dravida Munnetra Kazhagam,12901,21/21,Result Declared,2026-05-06 13:39:09
2026_RESULTS,Tamil Nadu,S22,3,S22-003,TIRUTTANI,G.HARI,All India Anna Dravida Munnetra Kazhagam,M.SATHYA KUMAR,Tamilaga Vettri Kazhagam,5793,27/27,Result Declared,2026-05-06 13:39:09
2026_RESULTS,Tamil Nadu,S22,210,S22-210,TIRUVADANAI,RAJEEV,Tamilaga Vettri Kazhagam,RM. KARUMANICKAM,Indian National Congress,2513,28/28,Result Declared,2026-05-06 13:39:09
2026_RESULTS,Tamil Nadu,S22,63,S22-063,TIRUVANNAMALAI,VELU. E.V,Dravida Munnetra Kazhagam,ARUL ARUMUGAM,Tamilaga Vettri Kazhagam,2455,23/23,Result Declared,2026-05-06 13:39:09
2026_RESULTS,Tamil Nadu,S22,151,S22-151,TITTAKUDI,GANESAN C.V,Dravida Munnetra Kazhagam,RAJASEKAR A,Tamilaga Vettri Kazhagam,2629,21/21,Result Declared,2026-05-06 13:39:09
2026_RESULTS,Tamil Nadu,S22,108,S22-108,UDHAGAMANDALAM,BHOJARAJAN.M,Bharatiya Janata Party,IBRAHIM.R,Tamilaga Vettri Kazhagam,976,21/21,Result Declared,2026-05-06 13:39:09
2026_RESULTS,Tamil Nadu,S22,125,S22-125,UDUMALAIPETTAI,JAYAKUMAR M.,Dravida Munnetra Kazhagam,RADHAKRISHNAN K.,All India Anna Dravida Munnetra Kazhagam,2882,22/22,Result Declared,2026-05-06 13:39:09
2026_RESULTS,Tamil Nadu,S22,77,S22-077,ULUNDURPETTAI,VASANTHAVEL G R,Dravida Munnetra Kazhagam,KUMARAGURU R,All India Anna Dravida Munnetra Kazhagam,2277,29/29,Result Declared,2026-05-06 13:39:09
2026_RESULTS,Tamil Nadu,S22,197,S22-197,USILAMPATTI,VIJAY. M,Tamilaga Vettri Kazhagam,MAHENDRAN. I,All India Anna Dravida Munnetra Kazhagam,1805,25/25,Result Declared,2026-05-06 13:39:09
2026_RESULTS,Tamil Nadu,S22,51,S22-051,UTHANGARAI,N ELAIYARAJA,Tamilaga Vettri Kazhagam,T M TAMILSELVAM,All India Anna Dravida Munnetra Kazhagam,5198,25/25,Result Declared,2026-05-06 13:39:09
2026_RESULTS,Tamil Nadu,S22,36,S22-036,UTHIRAMERUR,MUNIRATHINAM.J,Tamilaga Vettri Kazhagam,SUNDAR.K,Dravida Munnetra Kazhagam,14223,24/24,Result Declared,2026-05-06 13:39:09
2026_RESULTS,Tamil Nadu,S22,124,S22-124,VALPARAI,KUTTY (ALIAS) SUDHAKAR. A,Dravida Munnetra Kazhagam,DR. SRIDHARAN. A,Tamilaga Vettri Kazhagam,9371,19/19,Result Declared,2026-05-06 13:39:09
2026_RESULTS,Tamil Nadu,S22,69,S22-069,VANDAVASI,AMBETHKUMAR. S,Dravida Munnetra Kazhagam,RANI. P,All India Anna Dravida Munnetra Kazhagam,3333,21/21,Result Declared,2026-05-06 13:39:09
2026_RESULTS,Tamil Nadu,S22,47,S22-047,VANIYAMBADI,SYED FAROOQ BASHA SSB,Indian Union Muslim League,SYED BHURHANUDEEN,Tamilaga Vettri Kazhagam,2982,24/24,Result Declared,2026-05-06 13:39:09
2026_RESULTS,Tamil Nadu,S22,73,S22-073,VANUR,GOWTHAM D,Dravida Munnetra Kazhagam,SURESH P,Tamilaga Vettri Kazhagam,7034,23/23,Result Declared,2026-05-06 13:39:09
2026_RESULTS,Tamil Nadu,S22,220,S22-220,VASUDEVANALLUR,E. RAJA,Dravida Munnetra Kazhagam,ANANTHAN AYYASAMY,Bharatiya Janata Party,6583,23/23,Result Declared,2026-05-06 13:39:09
2026_RESULTS,Tamil Nadu,S22,165,S22-165,VEDARANYAM,MANIAN. O.S,All India Anna Dravida Munnetra Kazhagam,PUGAZHENDI. M,Dravida Munnetra Kazhagam,7331,18/18,Result Declared,2026-05-06 13:39:09
2026_RESULTS,Tamil Nadu,S22,133,S22-133,VEDASANDUR,SAMINATHAN. T,Dravida Munnetra Kazhagam,PARAMASIVAM. V.P.B.,All India Anna Dravida Munnetra Kazhagam,10063,27/27,Result Declared,2026-05-06 13:39:09
2026_RESULTS,Tamil Nadu,S22,91,S22-091,VEERAPANDI,PALANIVEL. M.S,Tamilaga Vettri Kazhagam,SRI BALAJI SUGUMAR. S,All India Anna Dravida Munnetra Kazhagam,4071,23/23,Result Declared,2026-05-06 13:39:09
2026_RESULTS,Tamil Nadu,S22,26,S22-026,VELACHERY,KUMAR. R,Tamilaga Vettri Kazhagam,ASHOK. M.K,All India Anna Dravida Munnetra Kazhagam,33305,23/23,Result Declared,2026-05-06 13:39:09
2026_RESULTS,Tamil Nadu,S22,43,S22-043,VELLORE,M.M.VINOTH KANNAN,Tamilaga Vettri Kazhagam,P.KARTHIKEYAN,Dravida Munnetra Kazhagam,6777,22/22,Result Declared,2026-05-06 13:39:09
2026_RESULTS,Tamil Nadu,S22,54,S22-054,VEPPANAHALLI,SRINIVASAN.P.S,Dravida Munnetra Kazhagam,MUNUSAMY.K.P,All India Anna Dravida Munnetra Kazhagam,138,27/27,Result Declared,2026-05-06 13:39:09
2026_RESULTS,Tamil Nadu,S22,75,S22-075,VIKRAVANDI,SIVAKUMAR C,Pattali Makkal Katchi,VIJAI VADIVEL A,Tamilaga Vettri Kazhagam,910,23/23,Result Declared,2026-05-06 13:39:09
2026_RESULTS,Tamil Nadu,S22,213,S22-213,VILATHIKULAM,MARKANDAYAN G V,Dravida Munnetra Kazhagam,P. KASIRAM,Tamilaga Vettri Kazhagam,8228,20/20,Result Declared,2026-05-06 13:39:09
2026_RESULTS,Tamil Nadu,S22,233,S22-233,VILAVANCODE,PRAVEEN T.T,Indian National Congress,MICHAEL KUMAR K,Tamilaga Vettri Kazhagam,20970,22/22,Result Declared,2026-05-06 13:39:09
2026_RESULTS,Tamil Nadu,S22,14,S22-014,VILLIVAKKAM,AADHAV ARJUNA,Tamilaga Vettri Kazhagam,KARTHIK MOHAN,Dravida Munnetra Kazhagam,17302,19/19,Result Declared,2026-05-06 13:39:09
2026_RESULTS,Tamil Nadu,S22,74,S22-074,VILUPPURAM,LAKSHMANAN R,Dravida Munnetra Kazhagam,MOHANRAJ N,Tamilaga Vettri Kazhagam,4119,24/24,Result Declared,2026-05-06 13:39:09
2026_RESULTS,Tamil Nadu,S22,179,S22-179,VIRALIMALAI,VIJAYABASKAR. C,All India Anna Dravida Munnetra Kazhagam,MURUGESAN. P,Tamilaga Vettri Kazhagam,62073,22/22,Result Declared,2026-05-06 13:39:09
2026_RESULTS,Tamil Nadu,S22,206,S22-206,VIRUDHUNAGAR,SELVAM P,Tamilaga Vettri Kazhagam,VIJAYAPRABHAKAR,Desiya Murpokku Dravida Kazhagam,9391,23/23,Result Declared,2026-05-06 13:39:09
2026_RESULTS,Tamil Nadu,S22,22,S22-022,VIRUGAMPAKKAM,SABARINATHAN.R,Tamilaga Vettri Kazhagam,PRABHAKARA RAJA.A.M.V,Dravida Munnetra Kazhagam,27086,24/24,Result Declared,2026-05-06 13:39:09
2026_RESULTS,Tamil Nadu,S22,152,S22-152,VRIDDHACHALAM,PREMALLATHA VIJAYAKANT,Desiya Murpokku Dravida Kazhagam,VIJAY.S,Tamilaga Vettri Kazhagam,2387,24/24,Result Declared,2026-05-06 13:39:09
2026_RESULTS,Tamil Nadu,S22,83,S22-083,YERCAUD,USHARANI. P,All India Anna Dravida Munnetra Kazhagam,LAKSHMI JANARTHANAN. J,Tamilaga Vettri Kazhagam,2189,25/25,Result Declared,2026-05-06 13:39:09
